{
    "config": {
    "wifi-ssid": {
            "help": "WiFi SSID",
            "value": "\"Hank\""
    },
    "wifi-password": {
            "help": "WiFi Password",
            "value": "\"999999999\""
    }
    },
    "target_overrides": {
        "B_L4S5I_IOT01A": {
            "target.components_add": ["ism43362"],
            "ism43362.provide-default": true,
            "target.network-default-interface-type": "WIFI",
            "target.macros_add" : ["MBEDTLS_SHA1_C"]
        }
    }
}